ID,Title,Content,Excerpt,Date,"Post Type",Permalink,"Image URL","Image Title","Image Caption","Image Description","Image Alt Text","Image Featured","Attachment URL",Categories,Tags,_yoast_wpseo_content_score,_yoast_wpseo_estimated-reading-time-minutes,_yoast_wpseo_wordproof_timestamp,_yoast_wpseo_primary_category,_wp_trash_meta_status,_wp_trash_meta_time,_wp_desired_post_slug,Status,"Author ID","Author Username","Author Email","Author First Name","Author Last Name",Slug,Format,Template,Parent,"Parent Slug",Order,"Comment Status","Ping Status","Post Modified Date"
598,"Unveiling the Culinary Delights of Hoi An: A Street Food Tour","<em>Hoi An, a charming city in Vietnam, is renowned for its rich culinary traditions and vibrant street food scene. From the delectable Banh My to the exquisite White Roses Cake, the tantalizing Cao Lau to the crispy Banh Xeo, and the flavorful Grilled Pork Skewers, Hoi An offers a diverse range of flavors that will leave your taste buds yearning for more. In this article, <strong>Hoi An Village Tours</strong> will delve into the reasons why you should choose a Hoi An street food tour to explore these mouthwatering delights, and how it can enhance your overall travel experience.</em>

<strong><em>A Gastronomic Adventure</em></strong>
Embarking on a Hoi An street food tour is like embarking on a gastronomic adventure through the heart of Vietnam. With each bite, you’ll discover new flavors, textures, and aromas that are unique to the region. From the famous Banh My, a Vietnamese sandwich stuffed with various fillings, to the delicate White Roses Cake, a translucent dumpling filled with shrimp, every dish tells a story of Hoi An’s culinary heritage.
<figure class=""wp-block-image size-full""></figure>
<strong><em>Authentic Local Experience</em></strong>
One of the greatest advantages of joining a street food tour is the opportunity to immerse yourself in the local culture. Your experienced guide will take you through the bustling streets, where you can witness the vibrant atmosphere and interact with the friendly locals who have perfected the art of street food. By engaging with the locals, you gain firsthand knowledge of the ingredients, cooking techniques, and cultural significance behind each dish.
<figure class=""wp-block-gallery has-nested-images columns-default is-cropped"">
<figure class=""wp-block-image size-large""><img class=""alignnone size-medium wp-image-600"" src=""https://hoianvillagetours.com/wp-content/uploads/2023/09/5DDF4C99-2433-40C0-A9D9-F9F683D614DF-1024x974-1-421x400.jpeg"" alt="""" width=""421"" height=""400"" /></figure>
<figure class=""wp-block-image size-large""><img class=""wp-image-1803"" src=""https://hoianvillagetours.com/wp-content/uploads/2023/09/832BCA13-0342-484B-AFAB-5F9EBF883B2D.jpeg"" sizes=""(max-width: 750px) 100vw, 750px"" srcset=""https://hoianvillagetours.com/wp-content/uploads/2023/09/832BCA13-0342-484B-AFAB-5F9EBF883B2D.jpeg 750w, https://hoianvillagetours.com/wp-content/uploads/2023/09/832BCA13-0342-484B-AFAB-5F9EBF883B2D-225x300.jpeg 225w"" alt="""" width=""750"" height=""1000"" data-id=""1803"" /></figure>
<figure class=""wp-block-image size-large""><img class=""wp-image-1804"" src=""https://hoianvillagetours.com/wp-content/uploads/2023/09/F16D9187-2EBF-46F3-8C83-D14B50CA7FBF.jpeg"" sizes=""(max-width: 750px) 100vw, 750px"" srcset=""https://hoianvillagetours.com/wp-content/uploads/2023/09/F16D9187-2EBF-46F3-8C83-D14B50CA7FBF.jpeg 750w, https://hoianvillagetours.com/wp-content/uploads/2023/09/F16D9187-2EBF-46F3-8C83-D14B50CA7FBF-225x300.jpeg 225w"" alt="""" width=""750"" height=""1000"" data-id=""1804"" /></figure>
</figure>
<strong><em>Hidden Gems and Insider Tips</em></strong>
Navigating the labyrinthine streets of Hoi An can be overwhelming, especially when searching for the best street food spots. However, with a knowledgeable guide by your side, you’ll uncover hidden gems that may have otherwise gone unnoticed. These local experts have a deep understanding of the city’s culinary landscape and will share insider tips, ensuring that you savor the most authentic and delicious street food offerings.
<figure class=""wp-block-gallery has-nested-images columns-default is-cropped"">
<figure class=""wp-block-image size-large""><img class=""alignnone size-full wp-image-603"" src=""https://hoianvillagetours.com/wp-content/uploads/2023/09/B9E27D23-F56F-4450-8C87-07816896F4B0-1024x768-1.jpeg"" alt="""" width=""1024"" height=""768"" /></figure>
<figure class=""wp-block-image size-large""><img class=""alignnone size-full wp-image-604"" src=""https://hoianvillagetours.com/wp-content/uploads/2023/09/01943DA6-C081-4D39-8267-09DDA0C55C3E-1024x768-1.jpeg"" alt="""" width=""1024"" height=""768"" /></figure>
<figure class=""wp-block-image size-large""><img class=""wp-image-1806"" src=""https://hoianvillagetours.com/wp-content/uploads/2023/09/F725A370-0162-4CD5-AE06-9E5677E8D452.jpeg"" sizes=""(max-width: 750px) 100vw, 750px"" srcset=""https://hoianvillagetours.com/wp-content/uploads/2023/09/F725A370-0162-4CD5-AE06-9E5677E8D452.jpeg 750w, https://hoianvillagetours.com/wp-content/uploads/2023/09/F725A370-0162-4CD5-AE06-9E5677E8D452-225x300.jpeg 225w"" alt="""" width=""750"" height=""1000"" data-id=""1806"" /></figure>
</figure>
<strong><em>A Tapestry of Flavors</em></strong>
Hoi An’s street food scene is a tapestry of flavors that caters to every palate. Whether you’re a meat lover, a vegetarian, or have dietary restrictions, you’ll find a plethora of options to suit your preferences. From the savory Cao Lau, a noodle dish garnished with herbs and pork, to the crispy Banh Xeo, a savory pancake filled with shrimp and bean sprouts, the diversity of flavors will satisfy even the most discerning foodie.
<figure class=""wp-block-image size-full""><img class=""wp-image-1809"" src=""https://hoianvillagetours.com/wp-content/uploads/2023/09/95447CFD-B626-47B3-9FFD-22F274354569.jpeg"" sizes=""(max-width: 800px) 100vw, 800px"" srcset=""https://hoianvillagetours.com/wp-content/uploads/2023/09/95447CFD-B626-47B3-9FFD-22F274354569.jpeg 800w, https://hoianvillagetours.com/wp-content/uploads/2023/09/95447CFD-B626-47B3-9FFD-22F274354569-300x300.jpeg 300w, https://hoianvillagetours.com/wp-content/uploads/2023/09/95447CFD-B626-47B3-9FFD-22F274354569-150x150.jpeg 150w, https://hoianvillagetours.com/wp-content/uploads/2023/09/95447CFD-B626-47B3-9FFD-22F274354569-768x768.jpeg 768w, https://hoianvillagetours.com/wp-content/uploads/2023/09/95447CFD-B626-47B3-9FFD-22F274354569-600x600.jpeg 600w"" alt="""" width=""800"" height=""800"" /></figure>
<strong><em>A Feast for the Senses</em></strong>
A Hoi An street food tour is not just about satisfying your taste buds; it’s an immersive experience that engages all your senses. The vibrant colors of the food stalls, the sizzling sounds of ingredients hitting the hot grill, the fragrant aromas wafting through the air, and the satisfying textures of each bite create a symphony of sensory delights that will leave a lasting impression.
<figure class=""wp-block-gallery has-nested-images columns-default is-cropped"">
<figure class=""wp-block-image size-large""><img class=""alignnone size-full wp-image-607"" src=""https://hoianvillagetours.com/wp-content/uploads/2023/09/0CB14393-82A7-4A44-A06E-10383CB83FF1-1024x577-1.jpeg"" alt="""" width=""1024"" height=""577"" /></figure>
<figure class=""wp-block-image size-large""><img class=""wp-image-1811"" src=""https://hoianvillagetours.com/wp-content/uploads/2023/09/EACD3BC3-B973-4868-ADFE-1CEE4B98676A.jpeg"" sizes=""(max-width: 700px) 100vw, 700px"" srcset=""https://hoianvillagetours.com/wp-content/uploads/2023/09/EACD3BC3-B973-4868-ADFE-1CEE4B98676A.jpeg 700w, https://hoianvillagetours.com/wp-content/uploads/2023/09/EACD3BC3-B973-4868-ADFE-1CEE4B98676A-300x275.jpeg 300w"" alt="""" width=""700"" height=""641"" data-id=""1811"" /></figure>
<figure class=""wp-block-image size-large""><img class=""wp-image-1812"" src=""https://hoianvillagetours.com/wp-content/uploads/2023/09/9BAC6470-08D7-4D81-9A51-3056F70A8BA2.jpeg"" sizes=""(max-width: 700px) 100vw, 700px"" srcset=""https://hoianvillagetours.com/wp-content/uploads/2023/09/9BAC6470-08D7-4D81-9A51-3056F70A8BA2.jpeg 700w, https://hoianvillagetours.com/wp-content/uploads/2023/09/9BAC6470-08D7-4D81-9A51-3056F70A8BA2-300x225.jpeg 300w"" alt="""" width=""700"" height=""524"" data-id=""1812"" /></figure>
</figure>
Embarking on a Hoi An street food tour is a must for any food enthusiast or avid traveler seeking to explore the authentic flavors of Vietnam. From the iconic <strong><em>Banh My</em></strong> to the lesser-known delicacies like <strong><em>White Roses Cake, Cao Lau, Banh Xeo, and Grilled Pork Skewers</em></strong>, each dish represents a unique facet of Hoi An’s culinary heritage. By immersing yourself in the local street food scene, you’ll not only satisfy your cravings but also gain a deeper appreciation for the culture and traditions that have shaped this vibrant city. So, why wait? Embark on a culinary adventure and let Hoi An’s street food tour be your gateway to a world of flavors.",,2023-09-11,post,https://hoianvillagetours.com/unveiling-the-culinary-delights-of-hoi-an-a-street-food-tour/,https://hoianvillagetours.com/wp-content/uploads/2023/09/EACD3BC3-B973-4868-ADFE-1CEE4B98676A.jpeg|https://hoianvillagetours.com/wp-content/uploads/2023/09/5DDF4C99-2433-40C0-A9D9-F9F683D614DF-1024x974-1.jpeg|https://hoianvillagetours.com/wp-content/uploads/2023/09/832BCA13-0342-484B-AFAB-5F9EBF883B2D.jpeg|https://hoianvillagetours.com/wp-content/uploads/2023/09/F16D9187-2EBF-46F3-8C83-D14B50CA7FBF.jpeg|https://hoianvillagetours.com/wp-content/uploads/2023/09/B9E27D23-F56F-4450-8C87-07816896F4B0-1024x768-1.jpeg|https://hoianvillagetours.com/wp-content/uploads/2023/09/01943DA6-C081-4D39-8267-09DDA0C55C3E-1024x768-1.jpeg|https://hoianvillagetours.com/wp-content/uploads/2023/09/F725A370-0162-4CD5-AE06-9E5677E8D452.jpeg|https://hoianvillagetours.com/wp-content/uploads/2023/09/95447CFD-B626-47B3-9FFD-22F274354569.jpeg|https://hoianvillagetours.com/wp-content/uploads/2023/09/0CB14393-82A7-4A44-A06E-10383CB83FF1-1024x577-1.jpeg|https://hoianvillagetours.com/wp-content/uploads/2023/09/9BAC6470-08D7-4D81-9A51-3056F70A8BA2.jpeg,|||||||||,|||||||||,|||||||||,|||||||||,https://hoianvillagetours.com/wp-content/uploads/2023/09/EACD3BC3-B973-4868-ADFE-1CEE4B98676A.jpeg,,"Blogs and News",,,,,,,,,publish,1,admin,fivetechmarketing@gmail.com,,,unveiling-the-culinary-delights-of-hoi-an-a-street-food-tour,,,0,0,0,open,open,2023-09-11
616,"Romantic Activities in Hoi An and Da Nang: Unforgettable Experiences for Couples","<em>Hoi An and Da Nang in Vietnam are not only known for their natural beauty and cultural heritage but also for offering a wide array of romantic activities for couples. Whether you are looking for intimate moments or thrilling adventures, these destinations have something to offer every type of couple. In this article, <strong>Hoi An Village Tours</strong> will explore a range of romantic activities in Hoi An and Da Nang, allowing you to create cherished memories with your partner.</em>

<strong><em>Lantern Making and Floating</em></strong>
In Hoi An’s Ancient Town, immerse yourselves in the local culture by participating in a lantern-making workshop. Craft your own colorful lanterns together, symbolizing your love and wishes. As night falls, release your lanterns onto the Thu Bon River, where they gently float away, creating a mesmerizing spectacle of lights.
<figure class=""wp-block-image size-full""><img class=""wp-image-1714"" src=""https://hoianvillagetours.com/wp-content/uploads/2023/09/713D6B38-1719-4C3C-8B6C-2613E61EF04B.jpeg"" sizes=""(max-width: 1024px) 100vw, 1024px"" srcset=""https://hoianvillagetours.com/wp-content/uploads/2023/09/713D6B38-1719-4C3C-8B6C-2613E61EF04B.jpeg 1024w, https://hoianvillagetours.com/wp-content/uploads/2023/09/713D6B38-1719-4C3C-8B6C-2613E61EF04B-300x200.jpeg 300w, https://hoianvillagetours.com/wp-content/uploads/2023/09/713D6B38-1719-4C3C-8B6C-2613E61EF04B-768x512.jpeg 768w"" alt="""" width=""1024"" height=""683"" /></figure>
<strong><em>Sunset River Cruise</em></strong>
Experience the romance of a sunset river cruise along the Thu Bon River in Hoi An. Board a traditional wooden boat and let the tranquil waters carry you away as the sun dips below the horizon. Enjoy the changing colors of the sky, sip on a refreshing drink, and savor the serenity of the moment as you embrace your partner’s presence.
<figure class=""wp-block-image size-large""><img class=""alignnone size-full wp-image-619"" src=""https://hoianvillagetours.com/wp-content/uploads/2023/09/09F7588B-4C8F-4C30-948B-20D7DA9E0480-1024x576-1.jpeg"" alt="""" width=""1024"" height=""576"" /></figure>
<strong><em>Cooking Class for Two</em></strong>
Embark on a culinary adventure in Hoi An by joining a cooking class designed for couples. Learn the secrets of Vietnamese cuisine together, guided by expert chefs. Explore local markets, handpick fresh ingredients, and create a delicious meal side by side. This interactive experience will not only deepen your connection but also leave you with new culinary skills to cherish.
<figure class=""wp-block-image size-large""><img class=""alignnone size-full wp-image-620"" src=""https://hoianvillagetours.com/wp-content/uploads/2023/09/24C81E2F-B19D-4B0C-AB40-7C867F8C7339-1024x957-1.jpeg"" alt="""" width=""1024"" height=""957"" /></figure>
<strong><em>Private Beach Picnic</em></strong>
Escape to one of the secluded beaches in Hoi An or Da Nang for a private beach picnic. Indulge in a gourmet basket filled with delectable treats, sparkling wine, and tropical fruits. Spread out a blanket on the soft sand, enjoy the peaceful sounds of the waves, and relish an intimate meal with your loved one amidst the stunning coastal scenery.
<figure class=""wp-block-image size-full is-resized""><img class=""wp-image-1717"" src=""https://hoianvillagetours.com/wp-content/uploads/2023/09/DFEA8F42-309A-4C69-BE27-B7265DC1A686.jpeg"" sizes=""(max-width: 839px) 100vw, 839px"" srcset=""https://hoianvillagetours.com/wp-content/uploads/2023/09/DFEA8F42-309A-4C69-BE27-B7265DC1A686.jpeg 800w, https://hoianvillagetours.com/wp-content/uploads/2023/09/DFEA8F42-309A-4C69-BE27-B7265DC1A686-300x225.jpeg 300w, https://hoianvillagetours.com/wp-content/uploads/2023/09/DFEA8F42-309A-4C69-BE27-B7265DC1A686-768x575.jpeg 768w"" alt="""" width=""839"" height=""628"" /></figure>
<strong><em>Couples Spa Retreat:</em></strong>
Indulge in relaxation and pampering with a couples spa retreat in Hoi An or Da Nang. Choose from a wide range of luxurious spa treatments, including couples massages, aromatic baths, and rejuvenating facials. Let the soothing ambiance and skilled therapists melt away your stress, leaving you and your partner feeling refreshed and rejuvenated.
<figure class=""wp-block-image size-large""><img class=""alignnone size-full wp-image-622"" src=""https://hoianvillagetours.com/wp-content/uploads/2023/09/DF2058F0-A8B2-4D7E-A83A-1CFC03AF1B6A-1024x683-1.jpeg"" alt="""" width=""1024"" height=""683"" /></figure>
<strong><em>Romantic Dinner with a View</em></strong>
Enjoy a romantic dinner with a stunning view in Hoi An or Da Nang. Choose from rooftop restaurants offering panoramic vistas of the city skyline or beachfront venues overlooking the ocean. Savor delectable Vietnamese cuisine or international dishes while basking in the intimate ambiance and the twinkling lights that surround you.
<figure class=""wp-block-image size-full is-resized""><img class=""wp-image-1719"" src=""https://hoianvillagetours.com/wp-content/uploads/2023/09/141B6262-7030-44D9-8E1C-0FD0E7E326D6.jpeg"" sizes=""(max-width: 843px) 100vw, 843px"" srcset=""https://hoianvillagetours.com/wp-content/uploads/2023/09/141B6262-7030-44D9-8E1C-0FD0E7E326D6.jpeg 550w, https://hoianvillagetours.com/wp-content/uploads/2023/09/141B6262-7030-44D9-8E1C-0FD0E7E326D6-300x200.jpeg 300w"" alt="""" width=""843"" height=""563"" /><figcaption></figcaption></figure>
<strong><em>Dragon and Love Bridge</em></strong>

In Da Nang, the Love Bridge is not only an architectural marvel but also a romantic spot for couples. As the sun sets, the bridge comes to life with a mesmerizing display of colorful lights that reflect on the water below. Take a romantic evening stroll along the riverbank, hand-in-hand, and witness the bridge’s transformation into a captivating work of art.
<figure class=""wp-block-image size-full is-resized""><img class=""wp-image-1720"" src=""https://hoianvillagetours.com/wp-content/uploads/2023/09/0B374F4C-E26A-4A3C-A5D5-FE94E7767390.jpeg"" sizes=""(max-width: 840px) 100vw, 840px"" srcset=""https://hoianvillagetours.com/wp-content/uploads/2023/09/0B374F4C-E26A-4A3C-A5D5-FE94E7767390.jpeg 800w, https://hoianvillagetours.com/wp-content/uploads/2023/09/0B374F4C-E26A-4A3C-A5D5-FE94E7767390-300x200.jpeg 300w, https://hoianvillagetours.com/wp-content/uploads/2023/09/0B374F4C-E26A-4A3C-A5D5-FE94E7767390-768x511.jpeg 768w"" alt="""" width=""840"" height=""559"" /></figure>
<strong><em>Golden Bridge in Ba Na Hills:</em></strong>

A visit to the Golden Bridge in Ba Na Hills near Da Nang is an absolute must for young couples seeking a truly magical experience. This architectural marvel, held by giant hands, offers breathtaking panoramic views of the surrounding mountains and lush greenery. Walk along the bridge with your partner, feeling as though you are floating amidst the clouds, and savor the romance of the moment.
<figure class=""wp-block-image size-full is-resized""><img class=""wp-image-1721"" src=""https://hoianvillagetours.com/wp-content/uploads/2023/09/01CBFA5F-5C02-4E75-B36B-274E396676D8.jpeg"" sizes=""(max-width: 838px) 100vw, 838px"" srcset=""https://hoianvillagetours.com/wp-content/uploads/2023/09/01CBFA5F-5C02-4E75-B36B-274E396676D8.jpeg 500w, https://hoianvillagetours.com/wp-content/uploads/2023/09/01CBFA5F-5C02-4E75-B36B-274E396676D8-300x200.jpeg 300w"" alt="""" width=""838"" height=""558"" /></figure>
<strong><em>Conclusion</em></strong>
<em>Hoi An and Da Nang provide a plethora of romantic activities for couples, ensuring an unforgettable and love-filled experience. From lantern making and floating in Hoi An’s Ancient Town to helicopter rides over Marble Mountains in Da Nang, these destinations offer enchanting opportunities to connect with your partner. Whether you prefer serene moments or thrilling adventures, Hoi An and Da Nang have something to cater to every couple’s desires. Embrace the romance of these destinations and let the magic of your journey unfold.</em>",,2023-09-11,post,https://hoianvillagetours.com/romantic-activities-in-hoi-an-and-da-nang-unforgettable-experiences-for-couples/,https://hoianvillagetours.com/wp-content/uploads/2023/09/0B374F4C-E26A-4A3C-A5D5-FE94E7767390.jpeg|https://hoianvillagetours.com/wp-content/uploads/2023/09/713D6B38-1719-4C3C-8B6C-2613E61EF04B.jpeg|https://hoianvillagetours.com/wp-content/uploads/2023/09/09F7588B-4C8F-4C30-948B-20D7DA9E0480-1024x576-1.jpeg|https://hoianvillagetours.com/wp-content/uploads/2023/09/24C81E2F-B19D-4B0C-AB40-7C867F8C7339-1024x957-1.jpeg|https://hoianvillagetours.com/wp-content/uploads/2023/09/DFEA8F42-309A-4C69-BE27-B7265DC1A686.jpeg|https://hoianvillagetours.com/wp-content/uploads/2023/09/DF2058F0-A8B2-4D7E-A83A-1CFC03AF1B6A-1024x683-1.jpeg|https://hoianvillagetours.com/wp-content/uploads/2023/09/141B6262-7030-44D9-8E1C-0FD0E7E326D6.jpeg|https://hoianvillagetours.com/wp-content/uploads/2023/09/01CBFA5F-5C02-4E75-B36B-274E396676D8.jpeg,|||||||,|||||||,|||||||,|||||||,https://hoianvillagetours.com/wp-content/uploads/2023/09/0B374F4C-E26A-4A3C-A5D5-FE94E7767390.jpeg,,"Blogs and News",,,,,,,,,publish,1,admin,fivetechmarketing@gmail.com,,,romantic-activities-in-hoi-an-and-da-nang-unforgettable-experiences-for-couples,,,0,0,0,open,open,2023-09-11
627,"Taste the Essence of Hoi An: Top Most Popular Dishes in the Ancient Town","<em>Hoi An, a charming town in central Vietnam, is not only renowned for its ancient architecture and cultural heritage but also its vibrant and diverse culinary scene. The local cuisine of Hoi An is a delightful fusion of Vietnamese, Chinese, and Japanese influences, resulting in a unique and mouthwatering array of dishes. In this article, <strong>Hoi An Village Tours</strong> will explore the top most popular dishes in Hoi An, allowing you to embark on a gastronomic journey through the flavors and aromas of this enchanting town.</em>

<strong><em>Cao Lau:</em></strong>
Cao Lau is a signature dish of Hoi An and a must-try for any visitor. This tantalizing bowl of thick rice noodles is topped with slices of succulent pork, fragrant herbs, and crunchy bean sprouts. The secret lies in the special water used to cook the noodles, made from a local well that supposedly possesses unique properties. The combination of textures and flavors makes Cao Lau a true culinary delight.
<figure class=""wp-block-image size-large""><img class=""alignnone size-full wp-image-629"" src=""https://hoianvillagetours.com/wp-content/uploads/2023/09/FEE0A9F7-86D0-4601-A696-645FA7F2E970-1024x577-1.jpeg"" alt="""" width=""1024"" height=""577"" /></figure>
<strong><em>White Rose Dumplings (Banh Bao Vac):</em></strong>
White Rose Dumplings, or Banh Bao Vac, are delicate and exquisite dumplings shaped like white roses. Made from translucent rice flour wrappers, these dumplings are filled with a mixture of shrimp and fragrant herbs. Served with a tangy dip, these bite-sized delights are not only visually appealing but also bursting with flavor.
<figure class=""wp-block-image size-full is-resized""><img class=""wp-image-1516"" src=""https://hoianvillagetours.com/wp-content/uploads/2023/09/E0A62F38-F5E3-46B7-81AF-60F8C90F69C6.jpeg"" sizes=""(max-width: 841px) 100vw, 841px"" srcset=""https://hoianvillagetours.com/wp-content/uploads/2023/09/E0A62F38-F5E3-46B7-81AF-60F8C90F69C6.jpeg 700w, https://hoianvillagetours.com/wp-content/uploads/2023/09/E0A62F38-F5E3-46B7-81AF-60F8C90F69C6-300x225.jpeg 300w"" alt="""" width=""841"" height=""630"" /></figure>
<strong><em>Banh Mi:</em></strong>
Vietnam’s famous sandwich, Banh Mi, has also found its way into the hearts and stomachs of Hoi An’s locals and visitors. A crusty baguette is filled with a variety of fillings, including grilled pork, pate, pickled vegetables, cilantro, and chili sauce. The combination of savory, sweet, and tangy flavors creates a culinary symphony that will leave you craving for more.
<figure class=""wp-block-image size-full is-resized""><img class=""wp-image-1517"" src=""https://hoianvillagetours.com/wp-content/uploads/2023/09/6EACD9B3-5481-477F-8442-546BA9CEEB6E.jpeg"" sizes=""(max-width: 838px) 100vw, 838px"" srcset=""https://hoianvillagetours.com/wp-content/uploads/2023/09/6EACD9B3-5481-477F-8442-546BA9CEEB6E.jpeg 800w, https://hoianvillagetours.com/wp-content/uploads/2023/09/6EACD9B3-5481-477F-8442-546BA9CEEB6E-300x259.jpeg 300w, https://hoianvillagetours.com/wp-content/uploads/2023/09/6EACD9B3-5481-477F-8442-546BA9CEEB6E-768x663.jpeg 768w"" alt="""" width=""838"" height=""724"" /></figure>
<strong><em>Mi Quang:</em></strong>
Mi Quang is a traditional noodle dish that originated in the Quang Nam province, where Hoi An is located. This dish features thick rice noodles, topped with a mix of marinated pork, shrimp, fresh herbs, peanuts, and crispy rice crackers. The broth is infused with turmeric, giving it a vibrant yellow color and a distinct flavor. Mi Quang is a hearty and satisfying dish that will warm your soul.
<figure class=""wp-block-image size-large""><img class=""alignnone size-full wp-image-632"" src=""https://hoianvillagetours.com/wp-content/uploads/2023/09/F7C2906B-1C4F-4D15-B15D-767A5510C53C-1024x577-1.jpeg"" alt="""" width=""1024"" height=""577"" /></figure>
<strong><em>Com Ga (Chicken Rice):</em></strong>
Com Ga, or Chicken Rice, is a simple yet flavorful dish that Hoi An is known for. Tender poached chicken is served on a bed of fragrant rice cooked in chicken broth, accompanied by a side of fresh herbs, pickles, and chili sauce. The combination of tender meat, aromatic rice, and zesty flavors makes Com Ga a true comfort food.
<figure class=""wp-block-image size-full is-resized""><img class=""wp-image-1519"" src=""https://hoianvillagetours.com/wp-content/uploads/2023/09/279B10EC-340D-45C0-B1AA-352EC00B4727.jpeg"" sizes=""(max-width: 839px) 100vw, 839px"" srcset=""https://hoianvillagetours.com/wp-content/uploads/2023/09/279B10EC-340D-45C0-B1AA-352EC00B4727.jpeg 700w, https://hoianvillagetours.com/wp-content/uploads/2023/09/279B10EC-340D-45C0-B1AA-352EC00B4727-300x275.jpeg 300w"" alt="""" width=""839"" height=""768"" /></figure>
<strong><em>Banh Xeo:</em></strong>
Banh Xeo is a Vietnamese-style pancake that is popular throughout the country, including Hoi An. A crispy rice flour pancake is filled with a mixture of shrimp, pork, bean sprouts, and green onions. Wrap it in fresh lettuce leaves, add herbs, and dip it in a tangy sauce for an explosion of flavors and textures.
<figure class=""wp-block-image size-large""><img class=""alignnone size-full wp-image-634"" src=""https://hoianvillagetours.com/wp-content/uploads/2023/09/8D05B1B1-2386-4E9A-96B0-07DBA3E0CEDB-1024x826-1.jpeg"" alt="""" width=""1024"" height=""826"" /><figcaption>Quán bánh xèo Tân Phú</figcaption></figure>
<strong><em>Banh Beo:</em></strong>
Banh Beo are small, steamed rice cakes served in tiny dishes. Topped with dried shrimp, scallion oil, and crispy pork rinds, these bite-sized treats are savory and satisfying. Dip them in a tangy fish sauce for an added burst of flavor. Banh Beo is a popular street food snack that is perfect for sharing with friends.
<figure class=""wp-block-image size-full is-resized""><img class=""wp-image-1521"" src=""https://hoianvillagetours.com/wp-content/uploads/2023/09/24BAFCB0-0C12-4584-8718-B3939DC783BE.jpeg"" sizes=""(max-width: 840px) 100vw, 840px"" srcset=""https://hoianvillagetours.com/wp-content/uploads/2023/09/24BAFCB0-0C12-4584-8718-B3939DC783BE.jpeg 800w, https://hoianvillagetours.com/wp-content/uploads/2023/09/24BAFCB0-0C12-4584-8718-B3939DC783BE-300x249.jpeg 300w, https://hoianvillagetours.com/wp-content/uploads/2023/09/24BAFCB0-0C12-4584-8718-B3939DC783BE-768x636.jpeg 768w"" alt="""" width=""840"" height=""696"" /></figure>
<strong><em>Banh Dap:</em></strong>
Banh Dap is a unique dish that showcases the creativity of Hoi An’s culinary scene. It consists of two layers of rice crackers, one soft and one crispy, topped with a variety of ingredients such as ground pork, herbs, and peanuts. The contrasting textures and flavors make Banh Dap a delightful and playful dish to enjoy.
<figure class=""wp-block-image size-full is-resized""><img class=""wp-image-1522"" src=""https://hoianvillagetours.com/wp-content/uploads/2023/09/E8EB4FCE-F26C-4968-802A-2A20D9EFEE53.jpeg"" sizes=""(max-width: 839px) 100vw, 839px"" srcset=""https://hoianvillagetours.com/wp-content/uploads/2023/09/E8EB4FCE-F26C-4968-802A-2A20D9EFEE53.jpeg 800w, https://hoianvillagetours.com/wp-content/uploads/2023/09/E8EB4FCE-F26C-4968-802A-2A20D9EFEE53-300x225.jpeg 300w, https://hoianvillagetours.com/wp-content/uploads/2023/09/E8EB4FCE-F26C-4968-802A-2A20D9EFEE53-768x576.jpeg 768w"" alt="""" width=""839"" height=""629"" /></figure>
<strong><em>Banh Can:</em></strong>
Banh Can are small round pancakes made from rice flour and cooked on a griddle. They are typically filled with quail eggs, shrimp, and green onions, resulting in a savory and satisfying treat. Dip them in a flavorful sauce for an extra kick of taste.
<figure class=""wp-block-image size-large is-resized""><img class=""alignnone size-full wp-image-637"" src=""https://hoianvillagetours.com/wp-content/uploads/2023/09/02C337B7-B767-488E-978D-DFC9F0F01A71-1024x1021-1.jpeg"" alt="""" width=""1024"" height=""1021"" /></figure>
<strong><em>Che:</em></strong>
Finish your culinary journey in Hoi An with a bowl of Che, a traditional Vietnamese dessert. This sweet soup-like dessert is made with a variety of ingredients such as beans, jelly, fruits, and coconut milk. Whether it’s Che Ba Ba, Che Dau Xanh, or Che Bap, the colorful and refreshing flavors of Che will leave a lasting impression.
<figure class=""wp-block-image size-full is-resized""><img class=""wp-image-1524"" src=""https://hoianvillagetours.com/wp-content/uploads/2023/09/30598CFA-B8A2-4E67-AAC6-763C0EDC8EFB.jpeg"" sizes=""(max-width: 838px) 100vw, 838px"" srcset=""https://hoianvillagetours.com/wp-content/uploads/2023/09/30598CFA-B8A2-4E67-AAC6-763C0EDC8EFB.jpeg 800w, https://hoianvillagetours.com/wp-content/uploads/2023/09/30598CFA-B8A2-4E67-AAC6-763C0EDC8EFB-300x258.jpeg 300w, https://hoianvillagetours.com/wp-content/uploads/2023/09/30598CFA-B8A2-4E67-AAC6-763C0EDC8EFB-768x660.jpeg 768w"" alt="""" width=""838"" height=""721"" /></figure>
<em>Conclusion:
Hoi An’s culinary scene is a treasure trove of flavors and aromas, offering a delightful blend of traditional and innovative dishes. From the iconic Cao Lau to the delicate White Rose Dumplings and the beloved Banh Mi, the top most popular dishes in Hoi An will take you on a gastronomic adventure like no other. Indulge in these mouthwatering delights, and let the vibrant culinary culture of Hoi An leave a lasting impression on your taste buds.</em>",,2023-09-11,post,https://hoianvillagetours.com/taste-the-essence-of-hoi-an-top-most-popular-dishes-in-the-ancient-town/,https://hoianvillagetours.com/wp-content/uploads/2023/09/FEE0A9F7-86D0-4601-A696-645FA7F2E970-1024x577-1.jpeg|https://hoianvillagetours.com/wp-content/uploads/2023/09/E0A62F38-F5E3-46B7-81AF-60F8C90F69C6.jpeg|https://hoianvillagetours.com/wp-content/uploads/2023/09/6EACD9B3-5481-477F-8442-546BA9CEEB6E.jpeg|https://hoianvillagetours.com/wp-content/uploads/2023/09/F7C2906B-1C4F-4D15-B15D-767A5510C53C-1024x577-1.jpeg|https://hoianvillagetours.com/wp-content/uploads/2023/09/279B10EC-340D-45C0-B1AA-352EC00B4727.jpeg|https://hoianvillagetours.com/wp-content/uploads/2023/09/8D05B1B1-2386-4E9A-96B0-07DBA3E0CEDB-1024x826-1.jpeg|https://hoianvillagetours.com/wp-content/uploads/2023/09/24BAFCB0-0C12-4584-8718-B3939DC783BE.jpeg|https://hoianvillagetours.com/wp-content/uploads/2023/09/E8EB4FCE-F26C-4968-802A-2A20D9EFEE53.jpeg|https://hoianvillagetours.com/wp-content/uploads/2023/09/02C337B7-B767-488E-978D-DFC9F0F01A71-1024x1021-1.jpeg|https://hoianvillagetours.com/wp-content/uploads/2023/09/30598CFA-B8A2-4E67-AAC6-763C0EDC8EFB.jpeg,|||||||||,|||||||||,|||||||||,|||||||||,https://hoianvillagetours.com/wp-content/uploads/2023/09/FEE0A9F7-86D0-4601-A696-645FA7F2E970-1024x577-1.jpeg,https://hoianvillagetours.com/wp-content/uploads/2023/09/7594520728161134994.mp4,"Blogs and News",,,,,,,,,publish,1,admin,fivetechmarketing@gmail.com,,,taste-the-essence-of-hoi-an-top-most-popular-dishes-in-the-ancient-town,,,0,0,0,open,open,2023-09-11
640,"The Ultimate Guide: Top 5 Must-Do Activities in Hoi An Old Town at Night.","<em>Hoi An, a charming town in central Vietnam, offers a plethora of delightful experiences. Here are the top 5 must-do things at night time while visiting Hoi An</em>. <em>In this article, <strong>Hoi An Village Tours</strong> will explore the top most popular things in Hoi An, allowing you to embark on a Hoi An town at night time of this enchanting town.</em>

<strong><em>1. Explore Hoi An Ancient Town</em></strong>: Immerse yourself in the beauty of the well-preserved ancient streets, lined with vibrant houses, Japanese bridges, and Chinese temples. The whole town is a UNESCO World Heritage Site.
<figure class=""wp-block-image size-full is-resized""><img class=""wp-image-1472"" src=""https://hoianvillagetours.com/wp-content/uploads/2023/09/8BBC4693-6484-4627-85CA-16F0FE92F233.png"" sizes=""(max-width: 839px) 100vw, 839px"" srcset=""https://hoianvillagetours.com/wp-content/uploads/2023/09/8BBC4693-6484-4627-85CA-16F0FE92F233.png 700w, https://hoianvillagetours.com/wp-content/uploads/2023/09/8BBC4693-6484-4627-85CA-16F0FE92F233-300x200.png 300w"" alt="""" width=""839"" height=""559"" /></figure>
<strong><em>2. Lantern Parade</em></strong>: Join in on the magical atmosphere by participating in a lantern parade along the Thu Bon River. The town comes alive as locals and tourists release colorful lanterns onto the water, creating a breathtaking display of lights.
<figure class=""wp-block-image size-full is-resized""><img class=""wp-image-1473"" src=""https://hoianvillagetours.com/wp-content/uploads/2023/09/E633529D-290A-4BAF-AC95-577B579EF172.jpeg"" sizes=""(max-width: 839px) 100vw, 839px"" srcset=""https://hoianvillagetours.com/wp-content/uploads/2023/09/E633529D-290A-4BAF-AC95-577B579EF172.jpeg 800w, https://hoianvillagetours.com/wp-content/uploads/2023/09/E633529D-290A-4BAF-AC95-577B579EF172-300x165.jpeg 300w, https://hoianvillagetours.com/wp-content/uploads/2023/09/E633529D-290A-4BAF-AC95-577B579EF172-768x421.jpeg 768w"" alt="""" width=""839"" height=""460"" /></figure>
<strong><em>3. Take a Riverboat Ride:</em></strong> Embark on a leisurely boat trip along the Thu Bon River, which winds its way through the Old Town. Admire breathtaking views and discover the unique local way of life.
<figure class=""wp-block-image size-full is-resized""><img class=""wp-image-1474"" src=""https://hoianvillagetours.com/wp-content/uploads/2023/09/C82F4A9C-E34B-4981-A885-21993795E2C3.jpeg"" sizes=""(max-width: 839px) 100vw, 839px"" srcset=""https://hoianvillagetours.com/wp-content/uploads/2023/09/C82F4A9C-E34B-4981-A885-21993795E2C3.jpeg 700w, https://hoianvillagetours.com/wp-content/uploads/2023/09/C82F4A9C-E34B-4981-A885-21993795E2C3-300x186.jpeg 300w"" alt="""" width=""839"" height=""522"" /></figure>
<strong><em>4. Watch some cutural show in Hoi An</em></strong> : Hoi An is an ancient city where the cultures of many countries met in the past. Therefore, the cultural activities here are very colorful and lively, if you have the opportunity, you should participate in shows here every evening such as Hoi An Memory Show or Lune Show, these two shows are very popular with tourists.
<figure class=""wp-block-image size-large""><img class=""alignnone size-full wp-image-645"" src=""https://hoianvillagetours.com/wp-content/uploads/2023/09/2FA2B814-9EEF-40C7-BB42-F0753102C923-1024x640-1.webp"" alt="""" width=""1024"" height=""640"" />
<figcaption>Hoi An Lune Show</figcaption></figure>
<figure class=""wp-block-image size-full is-resized""><img class=""wp-image-1476"" src=""https://hoianvillagetours.com/wp-content/uploads/2023/09/4EEF38DB-72CB-4FAD-ACE6-CBD396D29BFA.jpeg"" sizes=""(max-width: 841px) 100vw, 841px"" srcset=""https://hoianvillagetours.com/wp-content/uploads/2023/09/4EEF38DB-72CB-4FAD-ACE6-CBD396D29BFA.jpeg 800w, https://hoianvillagetours.com/wp-content/uploads/2023/09/4EEF38DB-72CB-4FAD-ACE6-CBD396D29BFA-300x153.jpeg 300w, https://hoianvillagetours.com/wp-content/uploads/2023/09/4EEF38DB-72CB-4FAD-ACE6-CBD396D29BFA-768x393.jpeg 768w"" alt="""" width=""841"" height=""430"" /><figcaption>Hoi An Memory Show</figcaption></figure>
<strong><em>5. Do the street food tour in Hoi an</em></strong>: Hoi an is home to wide array of local food that make you feelmouth-watering and leave unforgetable feeling about some of local delicaces that you can only find in Hoi an such as: White Rose, Cao Lau, Banh My, My Quang ….
<figure class=""wp-block-image size-large is-resized""><img class=""alignnone size-full wp-image-647"" src=""https://hoianvillagetours.com/wp-content/uploads/2023/09/C1EACCCB-BE0B-4BF5-BE7E-DCB095457B93-1024x826-1.jpeg"" alt="""" width=""1024"" height=""826"" />
<figcaption>Banh xeo Hoi An</figcaption></figure>
Remember, these are just a few highlights among many other wonderful things to do in Hoi An. Be sure to also indulge in delicious street food, explore local markets and art galleries, and simply take in the laid-back charm of this enchanting town.",,2023-09-11,post,https://hoianvillagetours.com/the-ultimate-guide-top-5-must-do-activities-in-hoi-an-old-town-at-night/,https://hoianvillagetours.com/wp-content/uploads/2023/09/8BBC4693-6484-4627-85CA-16F0FE92F233.png|https://hoianvillagetours.com/wp-content/uploads/2023/09/E633529D-290A-4BAF-AC95-577B579EF172.jpeg|https://hoianvillagetours.com/wp-content/uploads/2023/09/C82F4A9C-E34B-4981-A885-21993795E2C3.jpeg|https://hoianvillagetours.com/wp-content/uploads/2023/09/2FA2B814-9EEF-40C7-BB42-F0753102C923-1024x640-1.webp|https://hoianvillagetours.com/wp-content/uploads/2023/09/4EEF38DB-72CB-4FAD-ACE6-CBD396D29BFA.jpeg|https://hoianvillagetours.com/wp-content/uploads/2023/09/C1EACCCB-BE0B-4BF5-BE7E-DCB095457B93-1024x826-1.jpeg,|||||,|||||,|||||,|||||,https://hoianvillagetours.com/wp-content/uploads/2023/09/8BBC4693-6484-4627-85CA-16F0FE92F233.png,,"Blogs and News",,,,,,,,,publish,1,admin,fivetechmarketing@gmail.com,,,the-ultimate-guide-top-5-must-do-activities-in-hoi-an-old-town-at-night,,,0,0,0,open,open,2023-09-11
